{
    "loss": 1.1419597864151,
    "accuracy": 0.8039215803146362
}