{
    "loss": 34.2877311706543,
    "accuracy": 0.5686274766921997
}