{
    "loss": 14.716629028320312,
    "accuracy": 0.5686274766921997
}